INSERT INTO `persona` (`id`, `codigo`, `dpi`, `nombre1`, `nombre2`, `nombre3`, `apellido1`, `apellido2`, `apellido3`, `lugar`, `fecha_nacimiento`, `fktipo_persona`, `fkpais_departamento`, `fkgenero`, `fkestado`, `created_at`, `updated_at`) VALUES
(4, 'ALU-0000002', '2016165161656', 'Luisa', 'Fernanda', NULL, 'Castillo', 'Chivalán', NULL, 'Chiquimulilla', '2000-10-12', 6, 19, 2, 7, '2018-10-19 23:46:25', '2018-10-19 23:46:25'),
(5, 'ALU-0000003', '2316564616510', 'María', 'Guadalupe', NULL, 'Días', 'Revolorio', NULL, 'Chiquimuillla', '1999-12-02', 6, 19, 2, 7, '2018-10-19 23:47:12', '2018-10-19 23:47:12'),
(6, 'ALU-0000004', '2131233132132', 'Ana', 'Francisca', NULL, 'Chivalàn', 'Artenio', NULL, 'Taxisco', '2000-12-05', 6, 19, 2, 7, '2018-10-19 23:47:58', '2018-10-19 23:47:58'),
(7, 'ALU-0000005', '1313216546564', 'Lester', 'Filiberto', NULL, 'Peralta', 'Ramos', NULL, 'Taxisco', '1990-12-10', 6, 19, 1, 7, '2018-10-19 23:48:31', '2018-10-19 23:48:31'),
(8, 'ALU-0000006', '1216465465465', 'Erika', 'Judith', NULL, 'Landaverde', 'Lopez', NULL, 'Chiqui', '1998-12-12', 6, 19, 2, 7, '2018-10-19 23:49:07', '2018-10-19 23:49:07'),
(9, 'ALU-0000007', '2756994616645', 'Douglas', 'Anglomá', NULL, 'Cruz', 'Jimenez', NULL, 'Taxisco', '1990-12-12', 6, 19, 2, 7, '2018-10-19 23:49:58', '2018-10-19 23:49:58'),
(10, 'ALU-0000008', '2616465465465', 'Cristian', 'Enrique', NULL, 'Huite', 'Hernández', NULL, 'Talpetate', '2001-03-05', 6, 19, 1, 7, '2018-10-19 23:50:44', '2018-10-19 23:50:44'),
(11, 'ALU-0000009', '2315356555465', 'Augusto', 'Odilio', NULL, 'González', 'Contreras', NULL, 'Chiquimulilla, Santa Rosa', '2003-12-08', 6, 19, 1, 7, '2018-10-19 23:51:34', '2018-10-19 23:51:34'),
(18, 'CAT-0000002', '2764654654646', 'Manuel', NULL, NULL, 'cardenas', NULL, NULL, 'pr', '1980-12-12', 5, 18, 1, 7, '2018-10-19 23:56:32', '2018-10-19 23:56:32'),
(19, 'CAT-0000003', '2465646546546', 'Carlos', NULL, NULL, 'Castillo', NULL, NULL, 'afa', '1980-12-05', 5, 5, 1, 7, '2018-10-19 23:57:01', '2018-10-19 23:57:01'),
(20, 'CAT-0000004', '2465464654654', 'Ramon', NULL, NULL, 'Valdez', NULL, NULL, 'fa', '1990-12-02', 5, 5, 1, 7, '2018-10-19 23:57:33', '2018-10-19 23:57:33'),
(21, 'CAT-0000005', '1346465465464', 'Rene', NULL, NULL, 'Mancilla', NULL, NULL, 'fafa', '1950-03-09', 5, 6, 1, 7, '2018-10-19 23:58:00', '2018-10-19 23:58:00'),
(22, 'CAT-0000006', '2464565654648', 'Liliana', NULL, NULL, 'Sarceño', NULL, NULL, 'fa', '1985-01-06', 5, 3, 2, 7, '2018-10-19 23:58:32', '2018-10-19 23:58:32'),
(23, 'CAT-0000007', '5645664654646', 'Viviana', NULL, NULL, 'Amanecer', NULL, NULL, 'fadfafd', '1980-12-08', 5, 21, 2, 7, '2018-10-19 23:59:49', '2018-10-19 23:59:49'),
(24, 'CAT-0000008', '2165456466516', 'Lucia', NULL, NULL, 'Lopez', NULL, NULL, 'fafaf', '1980-03-02', 5, 22, 2, 7, '2018-10-20 00:00:36', '2018-10-20 00:00:36'),
(25, 'CAT-0000009', '2314654654646', 'Amanda', NULL, NULL, 'Martinez', NULL, NULL, 'd', '1995-12-03', 5, 22, 2, 7, '2018-10-20 00:01:40', '2018-10-20 00:01:40'),
(31, 'ALU-0000010', '3234653748567', 'Miguel', 'Agusto', NULL, 'Perez', 'Gallego', NULL, 'Taxisco, Barrio San Miguel', '2003-02-24', 6, 19, 1, 7, '2018-10-20 01:15:00', '2018-10-20 01:15:00'),
(32, 'CAT-0000010', '2145646545616', 'Manuel', 'Antonio', NULL, 'Hernández', 'Cifuentes', NULL, 'Barrio Santiago Chiquimulila', '2000-12-02', 5, 19, 1, 7, '2018-10-20 01:16:56', '2018-10-20 01:16:56'),
(33, 'ALU-0000011', '2226465465106', 'Carlos', 'Rodolfo', NULL, 'Alvares', 'Estrada', NULL, 'Chiquimulilla', '2000-12-01', 6, 19, 1, 7, '2018-10-20 13:38:57', '2018-10-20 13:38:57'),
(34, 'ALU-0000012', '2546065898791', 'Jadilson', 'Omar', NULL, 'Arenas', 'Gonzalez', NULL, 'Taxisco, el astillero', '1999-12-05', 6, 19, 1, 7, '2018-10-20 13:40:03', '2018-10-20 13:40:03'),
(35, 'ALU-0000013', '2164651679050', 'Gabriel', 'Manases', NULL, 'Arevalo', 'Hernandez', NULL, 'Barrio San Pedro Guazacapan', '1998-12-04', 6, 19, 1, 7, '2018-10-20 13:40:52', '2018-10-20 13:40:52'),
(36, 'ALU-0000014', '2167987900561', 'Dayana', 'Judith', NULL, 'Avila', 'Ordoñez', NULL, 'Barrio el MIlagro Chiquimulilla', '2003-01-05', 6, 19, 2, 7, '2018-10-20 13:41:49', '2018-10-20 13:41:49'),
(37, 'ALU-0000015', '2654654650651', 'Dulce', 'Eunice', NULL, 'Diaz', 'Hernandez', NULL, 'Barrio San Pedro Guazacapapn', '1998-12-06', 6, 19, 2, 7, '2018-10-20 13:42:47', '2018-10-20 13:42:47'),
(38, 'ALU-0000016', '2467879810515', 'Gustavo', 'Adolfo', NULL, 'Carias', 'Grijalba', NULL, 'Pedro de Alvarado', '1995-05-05', 6, 12, 1, 7, '2018-10-20 13:43:49', '2018-10-20 13:43:49'),
(39, 'ALU-0000017', '2035645656584', 'Emerson', 'Avidan', NULL, 'Avila', 'Ordoñez', NULL, 'Barrio San MIguel Taxisco', '1996-12-05', 6, 19, 1, 7, '2018-10-20 13:44:52', '2018-10-20 13:44:52'),
(40, 'ALU-0000018', '2154645879798', 'Yosseline', 'Rossemery', NULL, 'Escobar', 'Valenzuela', NULL, 'San Juan Tecuado', '1994-12-05', 6, 19, 2, 7, '2018-10-20 13:45:53', '2018-10-20 13:45:53'),
(41, 'ALU-0000019', '2251656466597', 'Luisa', 'Fernanda', NULL, 'Arevalo', 'Pensamiento', NULL, 'El Maneadero Taxisco', '2000-03-03', 6, 19, 2, 7, '2018-10-20 13:46:59', '2018-10-20 13:46:59'),
(42, 'ALU-0000020', '1154897113211', 'Enrique', 'Augusto', NULL, 'Lima', 'Cerrate', NULL, 'Avellana Taxisco', '2000-12-02', 6, 19, 1, 7, '2018-10-20 13:47:51', '2018-10-20 13:47:51'),
(43, 'ALU-0000021', '1234698716068', 'Kelin', 'Lorena', NULL, 'Garrcia', 'Sanchez', NULL, 'Aldea el Barro Guazacapan', '1993-03-04', 6, 19, 2, 7, '2018-10-20 13:50:21', '2018-10-20 13:50:21'),
(44, 'ALU-0000022', '2134978065646', 'Zaylis', 'Yaneth', NULL, 'Godinez', 'Hernandez', NULL, 'Barrio San Miguel Taxisco', '1999-03-01', 6, 19, 2, 7, '2018-10-20 13:51:22', '2018-10-20 13:51:22'),
(45, 'ALU-0000023', '2148746979777', 'Diego', 'Alejandro', NULL, 'Escobar', 'Alvarez', NULL, 'Barrio el Milagro Chiquimulilla', '2000-12-12', 6, 19, 1, 7, '2018-10-20 13:52:19', '2018-10-20 13:52:19'),
(46, 'ALU-0000024', '3216498798156', 'Grisha', 'Gabriela', NULL, 'Martinez', 'Mendoza', NULL, 'Aldea Margaritas Chiquimulilla', '2001-06-06', 6, 19, 2, 7, '2018-10-20 13:53:10', '2018-10-20 13:53:10'),
(47, 'ALU-0000025', '3134654646546', 'Karina', 'Yulissa', NULL, 'Martinez', 'Benito', NULL, 'Barrio San Sebastian, Guazacapan', '2001-03-06', 6, 19, 2, 7, '2018-10-20 13:53:51', '2018-10-20 13:53:51'),
(48, 'ALU-0000026', '2146487974001', 'Gember', 'Leonel', NULL, 'Hernandez', 'Aguilar', NULL, 'Aldea San Miguel Aroche', '2003-01-01', 6, 19, 1, 7, '2018-10-20 13:54:47', '2018-10-20 13:54:47'),
(49, 'ALU-0000027', '2136786161660', 'Carlos', 'Enrique', NULL, 'Sarceño', 'Vásquez', NULL, 'Calle Nueva Guazacapán', '1998-03-04', 6, 19, 1, 7, '2018-10-20 13:55:44', '2018-10-20 13:55:44'),
(50, 'ALU-0000028', '1324654056146', 'Edvin', 'Rolando', NULL, 'Santos', 'Veliz', NULL, 'Aldea el Tamarindo Chiquimulilla', '1999-05-08', 6, 19, 2, 7, '2018-10-20 13:57:00', '2018-10-20 13:57:00'),
(51, 'ALU-0000029', '1254365468744', 'Olga', 'Marina', NULL, 'Santos', 'Landaverde', NULL, 'Los Mangales Guazacapán', '1999-06-04', 6, 19, 2, 7, '2018-10-20 13:58:02', '2018-10-20 13:58:02'),
(52, 'ALU-0000030', '2134564879816', 'Angela', 'Gabriela', NULL, 'Reyes', 'Esquite', NULL, 'El campamento Chiquimulilla', '2000-04-05', 6, 19, 2, 7, '2018-10-20 13:59:00', '2018-10-20 13:59:00'),
(53, 'ALU-0000031', '1323164654798', 'Carlos', 'Enrique', NULL, 'Rodas', 'Mazariegos', NULL, 'Aldea el Barro Guazacapan', '2001-03-05', 6, 19, 1, 7, '2018-10-20 13:59:55', '2018-10-20 13:59:55'),
(54, 'ALU-0000032', '2156467895616', 'Lorena', 'del Carmen', NULL, 'Morataya', 'Arenas', NULL, 'Barrio San MIguel, Guazacapán', '2000-03-04', 6, 19, 2, 7, '2018-10-20 14:02:05', '2018-10-20 14:02:05'),
(55, 'ALU-0000033', '2145065497864', 'Carlos', 'Humberto', NULL, 'Diaz', 'Sandoval', NULL, 'Colonia los Altos de Chiquimulilla', '1995-03-03', 6, 19, 1, 7, '2018-10-20 14:03:23', '2018-10-20 14:03:23');



INSERT INTO `curso` (`id`, `nombre`, `fkestado`, `created_at`, `updated_at`) VALUES
(1, 'Matematica', 5, '2018-10-18 05:35:43', '2018-10-18 05:35:43'),
(2, 'Estadística General', 5, '2018-10-18 05:35:43', '2018-10-19 23:24:58'),
(3, 'Medio Social y Natural', 5, '2018-10-18 05:35:43', '2018-10-19 23:20:39'),
(4, 'Seminario Sobre problemas de la Educación', 5, '2018-10-19 23:20:28', '2018-10-19 23:20:28'),
(5, 'Estadístia Aplicada a la Educación.', 5, '2018-10-19 23:21:24', '2018-10-19 23:21:24'),
(6, 'Comunicación y Lenguaje Materno LII', 5, '2018-10-19 23:21:37', '2018-10-19 23:21:37'),
(7, 'Comunicación y Lenguaje Segundo Idioma Xinca', 5, '2018-10-19 23:21:54', '2018-10-19 23:21:54'),
(8, 'Expresión Artística y Corporal II Música', 5, '2018-10-19 23:22:23', '2018-10-19 23:22:23'),
(9, 'Psicopedagogía Infantil', 5, '2018-10-19 23:22:34', '2018-10-19 23:22:34'),
(10, 'Planificación y Evaluación', 5, '2018-10-19 23:22:47', '2018-10-19 23:22:47'),
(11, 'Práctica Docente: Observación y Participación', 5, '2018-10-19 23:23:06', '2018-10-19 23:23:06'),
(12, 'Computación', 5, '2018-10-19 23:23:14', '2018-10-19 23:23:14'),
(13, 'Administración Pública II', 5, '2018-10-19 23:24:17', '2018-10-19 23:24:17'),
(14, 'Desarrollo Nacional', 5, '2018-10-19 23:25:08', '2018-10-19 23:25:08'),
(15, 'Legislación Administrativa', 5, '2018-10-19 23:25:18', '2018-10-19 23:25:18'),
(16, 'Hacienda Pública y Presupuesto Nacional', 5, '2018-10-19 23:25:34', '2018-10-19 23:25:34'),
(17, 'Contabilidad Fiscal y Municipal de costos', 5, '2018-10-19 23:25:48', '2018-10-19 23:25:48'),
(18, 'Teoría y Práctica de Planificación', 5, '2018-10-19 23:26:02', '2018-10-19 23:26:02'),
(19, 'Psicología General', 5, '2018-10-19 23:26:12', '2018-10-19 23:26:12'),
(20, 'Programación', 5, '2018-10-19 23:26:23', '2018-10-19 23:26:23'),
(21, 'Gerencia y Administrativa de Personal', 5, '2018-10-19 23:26:46', '2018-10-19 23:26:46'),
(22, 'Presupuesto Nacional II', 5, '2018-10-19 23:26:58', '2018-10-19 23:26:58'),
(23, 'Sistema de Compras II', 5, '2018-10-19 23:27:09', '2018-10-19 23:27:09'),
(24, 'Lengua y Literatura 1', 5, '2018-10-19 23:27:23', '2018-10-19 23:27:23'),
(25, 'Comunicación y Lenguaje L2 Segundo Idioma Nacional', 5, '2018-10-19 23:27:47', '2018-10-19 23:27:47'),
(26, 'Tecnología de la Información y la comunicación aplicada a la Educación', 5, '2018-10-19 23:28:09', '2018-10-19 23:28:09'),
(27, 'Estadística Descriptiva', 5, '2018-10-19 23:28:23', '2018-10-19 23:28:39'),
(28, 'Biología', 5, '2018-10-19 23:28:52', '2018-10-19 23:28:52'),
(29, 'Química', 5, '2018-10-19 23:29:08', '2018-10-19 23:29:08'),
(30, 'Ciencia y Tecnología de los Pueblos', 5, '2018-10-19 23:30:17', '2018-10-19 23:30:17'),
(31, 'Seminario Aplicado a la Educación', 5, '2018-10-19 23:30:33', '2018-10-19 23:30:33'),
(32, 'Ciencias Sociales y Formación Ciudadana', 5, '2018-10-19 23:30:49', '2018-10-19 23:30:49'),
(33, 'Paradígmas Educativos', 5, '2018-10-19 23:31:01', '2018-10-19 23:31:01'),
(34, 'Psicología Evolutiva', 5, '2018-10-19 23:31:11', '2018-10-19 23:31:11'),
(35, 'Identidad y Profesión Docente', 5, '2018-10-19 23:31:27', '2018-10-19 23:31:27'),
(36, 'Expresión Artística', 5, '2018-10-19 23:31:38', '2018-10-19 23:31:38'),
(37, 'Lengua y Literatura 5', 5, '2018-10-19 23:31:57', '2018-10-19 23:31:57'),
(38, 'Comunicación y Lenguaje Inglés Técnico 4', 5, '2018-10-19 23:32:19', '2018-10-19 23:32:19'),
(39, 'Matemática 5', 5, '2018-10-19 23:32:29', '2018-10-19 23:32:29'),
(40, 'Ciencias Sociales y Formación Ciudadana 5', 5, '2018-10-19 23:32:46', '2018-10-19 23:32:46'),
(41, 'Etica Profesional y Relaciones Humanas', 5, '2018-10-19 23:32:57', '2018-10-19 23:32:57'),
(42, 'Reparación y Soporte Técnico', 5, '2018-10-19 23:33:08', '2018-10-19 23:33:08'),
(43, 'Producción de Contenidos Digitales', 5, '2018-10-19 23:33:21', '2018-10-19 23:33:21'),
(44, 'Laboratorio II', 5, '2018-10-19 23:33:32', '2018-10-19 23:33:32'),
(45, 'Seminario', 5, '2018-10-19 23:33:41', '2018-10-19 23:33:41');


INSERT INTO `carrera` (`id`, `nombre`, `descripcion`, `fkestado`, `created_at`, `updated_at`) VALUES
(1, 'Magisterio de Educación Infantil Bilingüe Intelcultural', '---', 5, '2018-10-18 05:35:43', '2018-10-19 23:34:29'),
(2, 'Perito en Administración', '---', 5, '2018-10-18 05:35:43', '2018-10-19 23:35:44'),
(3, 'Bachiller en Ciencias y Letras con Orientación en Educación', '--', 5, '2018-10-19 23:36:11', '2018-10-19 23:36:11'),
(4, 'Bachiller en Ciencias y Letras con Orientación en Computación', '--', 5, '2018-10-19 23:36:40', '2018-10-19 23:36:40');


INSERT INTO `grado` (`id`, `nombre`, `fkestado`, `created_at`, `updated_at`) VALUES
(1, 'Cuarto', 5, '2018-10-18 05:35:43', '2018-10-18 05:35:43'),
(2, 'Quinto', 5, '2018-10-18 05:35:44', '2018-10-18 05:35:44'),
(3, 'Sexto', 5, '2018-10-19 23:36:52', '2018-10-19 23:36:52');




INSERT INTO `carrera_curso` (`id`, `fkcarrera`, `fkcurso`, `fkestado`, `created_at`, `updated_at`) VALUES
(1, 1, 1, 5, '2018-10-18 05:35:45', '2018-10-18 05:35:45'),
(2, 1, 2, 5, '2018-10-18 05:35:45', '2018-10-18 05:35:45'),
(3, 1, 3, 5, '2018-10-18 05:35:45', '2018-10-18 05:35:45'),
(4, 2, 1, 5, '2018-10-18 05:35:45', '2018-10-18 05:35:45'),
(5, 2, 2, 5, '2018-10-18 05:35:46', '2018-10-18 05:35:46'),
(6, 2, 3, 5, '2018-10-18 05:35:46', '2018-10-18 05:35:46'),
(7, 4, 37, 5, '2018-10-19 23:39:22', '2018-10-19 23:39:22'),
(8, 4, 38, 5, '2018-10-19 23:39:36', '2018-10-19 23:39:36'),
(9, 4, 39, 5, '2018-10-19 23:39:46', '2018-10-19 23:39:46'),
(10, 4, 27, 5, '2018-10-19 23:39:57', '2018-10-19 23:39:57'),
(11, 4, 28, 5, '2018-10-19 23:40:06', '2018-10-19 23:40:06'),
(12, 4, 29, 5, '2018-10-19 23:40:15', '2018-10-19 23:40:15'),
(13, 4, 40, 5, '2018-10-19 23:40:31', '2018-10-19 23:40:31'),
(14, 4, 41, 5, '2018-10-19 23:40:41', '2018-10-19 23:40:41'),
(15, 4, 42, 5, '2018-10-19 23:41:20', '2018-10-19 23:41:20'),
(16, 4, 43, 5, '2018-10-19 23:41:40', '2018-10-19 23:41:40'),
(17, 3, 24, 5, '2018-10-19 23:42:01', '2018-10-19 23:42:01'),
(18, 3, 28, 5, '2018-10-19 23:42:34', '2018-10-19 23:42:34'),
(19, 3, 1, 5, '2018-10-19 23:42:44', '2018-10-19 23:42:44'),
(20, 3, 31, 5, '2018-10-19 23:42:54', '2018-10-19 23:42:54'),
(21, 3, 33, 5, '2018-10-19 23:43:03', '2018-10-19 23:43:03'),
(22, 2, 13, 5, '2018-10-20 14:08:51', '2018-10-20 14:08:51');



INSERT INTO `carrera_grado` (`id`, `fkcarrera`, `fkgrado`, `fkestado`, `created_at`, `updated_at`) VALUES
(1, 1, 1, 5, '2018-10-18 05:35:46', '2018-10-18 05:35:46'),
(2, 1, 2, 5, '2018-10-18 05:35:47', '2018-10-18 05:35:47'),
(3, 2, 1, 5, '2018-10-18 05:35:47', '2018-10-18 05:35:47'),
(4, 4, 1, 5, '2018-10-18 05:35:47', '2018-10-19 23:37:41'),
(5, 2, 1, 5, '2018-10-19 23:37:08', '2018-10-19 23:37:08'),
(6, 2, 2, 5, '2018-10-19 23:37:19', '2018-10-19 23:37:29'),
(7, 4, 2, 5, '2018-10-19 23:37:53', '2018-10-19 23:37:53'),
(8, 4, 3, 5, '2018-10-19 23:38:01', '2018-10-19 23:38:01'),
(9, 1, 3, 5, '2018-10-19 23:38:11', '2018-10-19 23:38:11'),
(10, 3, 1, 5, '2018-10-19 23:38:24', '2018-10-19 23:38:24'),
(11, 3, 2, 5, '2018-10-19 23:38:32', '2018-10-19 23:38:32'),
(12, 3, 3, 5, '2018-10-19 23:38:38', '2018-10-19 23:38:38');



INSERT INTO `periodo_academico` (`id`, `nombre`, `inicio`, `fin`, `fktipo_periodo`, `fkestado`, `created_at`, `updated_at`) VALUES
(1, 'Primer', '2018-01-01', '2018-12-31', 1, 5, '2018-10-18 05:35:48', '2018-10-18 05:35:48'),
(2, 'Segundo', '2018-01-01', '2018-12-31', 1, 5, '2018-10-18 05:35:49', '2018-10-18 05:35:49'),
(3, 'Tercero', '2018-07-10', '2018-09-05', 1, 5, '2018-10-19 23:43:33', '2018-10-19 23:43:33'),
(4, 'Cuarto', '2018-09-11', '2018-10-31', 1, 5, '2018-10-19 23:43:57', '2018-10-19 23:43:57');



INSERT INTO `cantidad_alumno` (`id`, `cantidad`, `fkcarrera_grado`, `fkseccion`, `fkestado`, `created_at`, `updated_at`) VALUES
(1, 5, 1, 1, 5, '2018-10-18 05:35:47', '2018-10-18 05:35:47'),
(2, 5, 2, 1, 5, '2018-10-18 05:35:47', '2018-10-18 05:35:47'),
(3, 5, 3, 2, 5, '2018-10-18 05:35:47', '2018-10-18 05:35:47'),
(4, 10, 8, 1, 5, '2018-10-19 23:44:23', '2018-10-19 23:44:23'),
(5, 40, 5, 1, 5, '2018-10-19 23:44:42', '2018-10-19 23:44:42'),
(6, 40, 4, 2, 5, '2018-10-19 23:44:50', '2018-10-19 23:44:50'),
(7, 40, 4, 3, 5, '2018-10-19 23:44:58', '2018-10-19 23:44:58'),
(8, 40, 8, 3, 5, '2018-10-19 23:45:07', '2018-10-19 23:45:07'),
(9, 40, 11, 1, 5, '2018-10-19 23:45:18', '2018-10-19 23:45:18'),
(10, 40, 5, 1, 5, '2018-10-19 23:45:26', '2018-10-19 23:45:26');



INSERT INTO `catedratico_curso` (`id`, `fecha_inicio`, `fecha_fin`, `fkpersona`, `fkcantidad_alumno`, `fkcarrera_curso`, `fkestado`, `created_at`, `updated_at`) VALUES
(1, '2018-01-01 00:00:00', '2018-12-31 00:00:00', 1, 1, 1, 5, '2018-10-18 05:35:48', '2018-10-18 05:35:48'),
(2, '2018-01-01 00:00:00', '2018-12-31 00:00:00', 1, 2, 2, 5, '2018-10-18 05:35:48', '2018-10-18 05:35:48'),
(3, '2018-01-01 00:00:00', '2018-12-31 00:00:00', 1, 1, 3, 5, '2018-10-18 05:35:48', '2018-10-18 05:35:48');



INSERT INTO `inscripcion` (`id`, `fkcantidad_alumno`, `fktipo_periodo`, `fkpersona`, `ciclo`, `pago`, `fkestado`, `created_at`, `updated_at`) VALUES
(1, 1, 1, 3, '2018', '125.', 25, '2018-10-18 05:58:11', '2018-10-18 05:58:24'),
(2, 3, 2, 42, '2018', '120', 25, '2018-10-18 23:07:33', '2018-10-20 14:07:17'),
(3, 1, 1, 53, '2018', '135', 25, '2018-10-20 14:03:53', '2018-10-20 14:03:53'),
(4, 7, 1, 34, '2018', '135', 25, '2018-10-20 14:04:15', '2018-10-20 14:04:15'),
(5, 4, 1, 6, '2018', '135', 25, '2018-10-20 14:05:41', '2018-10-20 14:05:41'),
(6, 6, 1, 55, '2018', '135', 25, '2018-10-20 14:06:06', '2018-10-20 14:06:06'),
(7, 6, 1, 38, '2018', '135', 25, '2018-10-20 14:06:34', '2018-10-20 14:06:34'),
(8, 6, 1, 7, '2018', '135', 25, '2018-10-20 14:06:58', '2018-10-20 14:06:58'),
(9, 6, 1, 47, '2018', '135', 25, '2018-10-20 14:07:38', '2018-10-20 14:07:38'),
(10, 9, 1, 37, '2018', '135', 25, '2018-10-20 14:07:52', '2018-10-20 14:07:52'),
(11, 7, 1, 5, '2018', '135', 25, '2018-10-20 14:08:11', '2018-10-20 14:08:11'),
(12, 7, 1, 41, '2018', '135', 25, '2018-10-20 14:08:26', '2018-10-20 14:08:26');
